id|appl|chgj|ci|isd_desc|email|fmail|fsms|ftlg|hpsm|infrastructure|sms|tlg|url|hpsm_override
1|Jamal Mcleod|May 4th, 2019|41502|Customer Service, Accounting, Sales and Marketing, Payroll, Finances, Tech Support, Public Relations, Customer Relations, Asset Management, Legal Department|eu.nibh@dis.ca|lacus.Ut.nec@est.org|Dr.|7-(687)-686-2769|Cursus In Institute|99916392499|urna.justo@eleifend.org|556203727|http://confluence.intranet|YES
2|Yoko Schultz|August 11th, 2018|419226|Accounting, Quality Assurance, Public Relations, Legal Department, Human Resources, Tech Support, Finances, Media Relations, Research and Development, Asset Management|Curabitur@ac.net|pede.nec@mi.co.uk|Dr.|7-(792)-377-6327|Ut Inc.|39717749599|vitae@DonecestNunc.ca|353297807|http://confluence.intranet|YES
3|Julian Mclean|March 22nd, 2019|8307|Legal Department, Asset Management, Public Relations, Research and Development, Media Relations, Accounting, Payroll, Customer Relations, Tech Support, Advertising|ac@at.edu|elit.Curabitur.sed@sedliberoProin.edu|Ms.|7-(626)-625-7726|Donec Feugiat Foundation|81242798499|laoreet@ataugue.com|306346131|http://confluence.intranet|YES
4|Hop Floyd|January 3rd, 2018|8322|Advertising, Asset Management, Human Resources, Public Relations, Research and Development, Tech Support, Accounting, Customer Service, Payroll, Legal Department|ultricies@dignissim.ca|ipsum.Suspendisse.sagittis@dolor.ca||7-(644)-894-9249|Convallis Foundation|55751376699|odio@accumsansed.edu|139114664|http://confluence.intranet|YES
5|Jorden Strickland|April 3rd, 2018|18831|Payroll, Sales and Marketing, Advertising, Customer Relations, Accounting, Public Relations, Media Relations, Quality Assurance, Human Resources, Legal Department|urna.Nunc@enimdiamvel.com|In.faucibus.Morbi@atortorNunc.co.uk|Ms.|7-(864)-588-0307|Dapibus Ligula Aliquam Incorporated|76307890099|id.nunc.interdum@nuncestmollis.edu|895334241|http://confluence.intranet|YES
6|Marshall Hines|November 28th, 2017|6140|Accounting, Asset Management, Finances, Advertising, Quality Assurance, Media Relations, Human Resources, Research and Development, Payroll, Sales and Marketing|id.ante.dictum@libero.org|orci@gravida.co.uk||7-(635)-673-2801|Ante Dictum PC|25763661499|aliquet.vel.vulputate@InloremDonec.net|054357587|http://confluence.intranet|YES
7|Kennan Graham|August 27th, 2018|02961-632|Media Relations, Payroll, Human Resources, Sales and Marketing, Legal Department, Advertising, Accounting, Quality Assurance, Finances, Tech Support|lobortis@libero.com|nisl.Nulla.eu@nec.ca||7-(623)-432-8844|Elit Corporation|70261399499|aliquet@Proinnon.com|421736927|http://confluence.intranet|YES
8|Brock Patterson|June 23rd, 2019|4037|Advertising, Sales and Marketing, Finances, Customer Relations, Accounting, Legal Department, Media Relations, Quality Assurance, Payroll, Tech Support|rhoncus.Proin.nisl@ac.ca|fames.ac@adipiscing.ca|Ms.|7-(781)-647-2943|Nec Mollis LLC|85618429299|mus.Donec@Aeneansed.com|432139889|http://confluence.intranet|YES
9|Neville Hill|June 12th, 2019|37-581|Asset Management, Finances, Accounting, Advertising, Legal Department, Media Relations, Research and Development, Customer Relations, Human Resources, Tech Support|Integer@Cumsociis.edu|odio.Etiam.ligula@nonummyutmolestie.edu|Ms.|7-(817)-872-0234|Felis Donec PC|32229634599|Maecenas.iaculis.aliquet@ridiculusmus.com|317857886|http://confluence.intranet|YES
10|Ila Maynard|February 19th, 2019|X8Z 8M3|Media Relations, Quality Assurance, Research and Development, Customer Relations, Legal Department, Customer Service, Asset Management, Sales and Marketing, Finances, Accounting|tortor.Integer@consequatpurus.org|nec.urna.suscipit@elementumat.com|Dr.|7-(216)-136-0199|Tincidunt Inc.|15371910799|augue@pharetra.com|758529093|http://confluence.intranet|YES
11|Austin Olson|May 6th, 2018|862371|Human Resources, Legal Department, Payroll, Asset Management, Advertising, Accounting, Research and Development, Customer Service, Public Relations, Media Relations|molestie.sodales@torquent.org|Curae.Phasellus@at.edu|Dr.|7-(410)-496-8842|Laoreet LLC|30479417299|orci.quis@felis.org|402236194|http://confluence.intranet|YES
12|Brenna Fulton|December 14th, 2018|G0L 0V3|Finances, Customer Service, Media Relations, Advertising, Sales and Marketing, Quality Assurance, Legal Department, Asset Management, Research and Development, Accounting|venenatis@Inscelerisque.co.uk|urna.Vivamus@dictum.ca|Mrs.|7-(801)-443-3606|Consectetuer Ipsum Nunc Corporation|22468051999|nec.tempus.mauris@ipsumPhasellus.co.uk|884171331|http://confluence.intranet|YES
13|Garrison Wall|February 7th, 2018|1741|Research and Development, Human Resources, Tech Support, Customer Relations, Accounting, Sales and Marketing, Quality Assurance, Asset Management, Payroll, Media Relations|dolor.dolor.tempus@pedenecante.edu|sem.mollis.dui@tinciduntvehicula.com|Dr.|7-(726)-793-2874|Adipiscing Elit Aliquam Consulting|00493526199|orci@Nam.ca|777296443|http://confluence.intranet|YES
14|Kuame Cline|June 2nd, 2018|538720|Quality Assurance, Asset Management, Tech Support, Payroll, Legal Department, Media Relations, Customer Service, Advertising, Finances, Research and Development|rhoncus.Proin.nisl@auguescelerisquemollis.net|quis.accumsan@Duis.net|Dr.|7-(303)-568-5563|Libero Lacus Varius Incorporated|13579402899|leo@felis.edu|762183598|http://confluence.intranet|YES
15|Diana Pope|August 11th, 2018|778820|Public Relations, Human Resources, Research and Development, Quality Assurance, Tech Support, Sales and Marketing, Asset Management, Advertising, Accounting, Legal Department|nibh.enim@non.net|nec.tempus.scelerisque@egestashendrerit.com|Mrs.|7-(336)-952-5129|Non Enim Mauris Inc.|83839573199|sed.consequat.auctor@risus.com|205714538|http://confluence.intranet|YES
16|Indigo Chandler|March 16th, 2019|850489|Legal Department, Human Resources, Quality Assurance, Sales and Marketing, Accounting, Media Relations, Tech Support, Customer Relations, Customer Service, Payroll|Vivamus.non@egettinciduntdui.net|viverra.Donec.tempus@sociisnatoque.com|Mrs.|7-(556)-761-5017|Arcu Foundation|41580744799|pellentesque@mollisPhasellus.edu|494653959|http://confluence.intranet|YES
17|Sylvia Everett|January 3rd, 2018|8559|Sales and Marketing, Research and Development, Advertising, Tech Support, Media Relations, Quality Assurance, Public Relations, Finances, Accounting, Legal Department|nunc.sed.libero@estvitae.co.uk|ut.pellentesque.eget@massa.edu|Dr.|7-(528)-917-0801|Mattis Foundation|89656323699|nec.urna.et@Vivamusnibhdolor.org|125039081|http://confluence.intranet|YES
18|Tarik Franco|July 29th, 2017|3718|Customer Relations, Sales and Marketing, Legal Department, Human Resources, Tech Support, Public Relations, Research and Development, Accounting, Finances, Asset Management|malesuada.vel@quamvelsapien.co.uk|gravida.non@Duisvolutpatnunc.edu|Mrs.|7-(506)-592-0617|Lobortis Quam A Company|55876795499|Cum.sociis.natoque@euerat.ca|442125852|http://confluence.intranet|YES
19|Erich Chan|January 8th, 2019|0222|Tech Support, Customer Relations, Advertising, Research and Development, Payroll, Media Relations, Sales and Marketing, Human Resources, Accounting, Asset Management|amet.faucibus.ut@lacusUtnec.com|Cum.sociis.natoque@eros.co.uk|Ms.|7-(526)-574-4827|Sed Dui LLC|70784932299|risus.In.mi@Proinegetodio.net|857249353|http://confluence.intranet|YES
20|Colette Patton|December 27th, 2017|53524|Human Resources, Customer Service, Media Relations, Finances, Tech Support, Public Relations, Payroll, Legal Department, Sales and Marketing, Advertising|condimentum@eu.edu|mauris@aliquetmagnaa.co.uk|Mrs.|7-(588)-731-8274|Ipsum Phasellus Consulting|58704816499|aliquet.molestie.tellus@nullaCraseu.com|066526716|http://confluence.intranet|YES
21|Darius Cortez|May 3rd, 2018|79183|Customer Service, Research and Development, Media Relations, Human Resources, Customer Relations, Accounting, Sales and Marketing, Public Relations, Payroll, Advertising|luctus@pedeSuspendissedui.edu|posuere.at@Cumsociisnatoque.co.uk|Dr.|7-(722)-135-6071|Non Associates|52915484499|consectetuer.adipiscing@tortornibh.org|104606710|http://confluence.intranet|YES
22|Samantha Bennett|April 28th, 2018|7839|Research and Development, Public Relations, Tech Support, Media Relations, Quality Assurance, Finances, Customer Relations, Legal Department, Human Resources, Asset Management|justo.Praesent.luctus@dolor.net|Quisque.imperdiet.erat@nislQuisquefringilla.com|Ms.|7-(953)-905-2996|At Lacus Quisque PC|71755270799|et@leoVivamusnibh.edu|331032045|http://confluence.intranet|YES
23|Adena Hansen|August 3rd, 2018|00153|Finances, Tech Support, Sales and Marketing, Advertising, Legal Department, Payroll, Customer Relations, Public Relations, Human Resources, Customer Service|ullamcorper.eu@liberomaurisaliquam.edu|lacus@sapiencursus.ca|Ms.|7-(504)-995-1326|Mattis Company|39458328899|scelerisque.mollis.Phasellus@uteros.ca|011202561|http://confluence.intranet|YES
24|Yen Atkins|September 22nd, 2017|5194|Public Relations, Sales and Marketing, Research and Development, Human Resources, Quality Assurance, Accounting, Legal Department, Media Relations, Customer Relations, Tech Support|pede.et.risus@dolorvitae.ca|semper.rutrum.Fusce@Nulla.ca|Ms.|7-(422)-873-4426|Cras Corp.|79487882899|sollicitudin.adipiscing@dis.com|042736538|http://confluence.intranet|YES
25|Lee Owens|January 31st, 2018|3074|Payroll, Accounting, Quality Assurance, Public Relations, Research and Development, Sales and Marketing, Human Resources, Finances, Advertising, Legal Department|arcu.Nunc@Aliquamadipiscinglobortis.org|dolor@ametultriciessem.com|Mr.|7-(413)-150-5393|Tellus Nunc Lectus Inc.|78698050499|odio.a.purus@vitaeodio.org|585348857|http://confluence.intranet|YES
26|Jorden Good|April 18th, 2019|304850|Quality Assurance, Customer Service, Tech Support, Accounting, Customer Relations, Media Relations, Human Resources, Finances, Public Relations, Payroll|sem.consequat.nec@Donec.co.uk|nec.imperdiet@auctornon.ca|Mr.|7-(325)-674-3128|Risus In Industries|66608790499|Curabitur@nequeMorbi.edu|736423336|http://confluence.intranet|YES
27|Jamalia Garrison|June 19th, 2019|4633|Quality Assurance, Payroll, Customer Relations, Advertising, Asset Management, Customer Service, Human Resources, Finances, Accounting, Tech Support|nisi.Mauris@aliquamarcuAliquam.org|vitae.purus.gravida@eget.com|Mr.|7-(447)-196-4474|Quam Vel Sapien Ltd|06319573699|odio@sit.edu|000337147|http://confluence.intranet|YES
28|Elton Summers|July 31st, 2018|76-329|Finances, Media Relations, Advertising, Accounting, Customer Service, Payroll, Public Relations, Tech Support, Sales and Marketing, Research and Development|felis@aliquamadipiscing.net|fermentum@cursusluctus.org||7-(165)-674-0733|Turpis Egestas Fusce Corp.|17316480099|auctor.non@risusMorbi.co.uk|818623993|http://confluence.intranet|YES
29|Wyoming Delacruz|November 28th, 2018|83154|Customer Relations, Accounting, Advertising, Legal Department, Payroll, Finances, Sales and Marketing, Research and Development, Public Relations, Media Relations|ipsum.dolor@perconubianostra.com|consequat.enim.diam@senectusetnetus.com|Ms.|7-(733)-256-9124|Nulla Associates|33452807699|aliquet.vel@lobortisauguescelerisque.edu|620535385|http://confluence.intranet|YES
30|Rhiannon Woodard|April 21st, 2018|1442|Research and Development, Payroll, Sales and Marketing, Public Relations, Legal Department, Tech Support, Customer Relations, Media Relations, Customer Service, Quality Assurance|Nunc.mauris.elit@per.edu|nisl.Nulla@Vivamus.com|Ms.|7-(229)-155-5989|Varius Ultrices LLP|27650416699|iaculis@egetipsumSuspendisse.ca|357942762|http://confluence.intranet|YES
31|Boris Obrien|March 1st, 2018|56-396|Payroll, Asset Management, Accounting, Customer Relations, Media Relations, Human Resources, Sales and Marketing, Customer Service, Legal Department, Tech Support|in@sapienAeneanmassa.org|sagittis.placerat@atlacusQuisque.com|Dr.|7-(737)-522-9340|Arcu Vestibulum Ante LLC|37535220499|purus.mauris.a@pharetrafelis.edu|465816122|http://confluence.intranet|YES
32|Mason Santos|June 11th, 2018|26606|Advertising, Sales and Marketing, Legal Department, Customer Relations, Human Resources, Media Relations, Quality Assurance, Research and Development, Tech Support, Accounting|eget.varius.ultrices@MorbivehiculaPellentesque.co.uk|mauris.aliquam.eu@elementumsemvitae.co.uk|Mrs.|7-(875)-550-2006|Gravida Consulting|91888349199|Cum.sociis.natoque@lorem.net|825293335|http://confluence.intranet|YES
33|Felicia Webster|November 24th, 2017|72032|Payroll, Finances, Asset Management, Legal Department, Accounting, Human Resources, Customer Relations, Quality Assurance, Sales and Marketing, Research and Development|amet.consectetuer@ipsumac.edu|enim.Mauris.quis@ac.co.uk|Mr.|7-(791)-285-6497|Natoque Penatibus Et LLP|37614782799|nonummy.Fusce.fermentum@odio.co.uk|363644485|http://confluence.intranet|YES
34|Jesse Higgins|May 16th, 2018|26849|Research and Development, Payroll, Tech Support, Media Relations, Customer Service, Customer Relations, Asset Management, Human Resources, Advertising, Finances|libero.at@lectus.edu|risus@arcuac.net|Mrs.|7-(154)-821-4168|Ante Maecenas Mi LLC|71501735199|eros.Nam.consequat@commodohendreritDonec.org|962742383|http://confluence.intranet|YES
35|Stephen Newman|September 28th, 2017|9109|Research and Development, Sales and Marketing, Public Relations, Tech Support, Finances, Quality Assurance, Advertising, Asset Management, Media Relations, Human Resources|In.ornare@est.org|ut.cursus.luctus@lacinia.edu|Dr.|7-(958)-857-6823|Eros LLP|72893663999|Sed.eu@malesuadavelconvallis.com|872589262|http://confluence.intranet|YES
36|Sarah Schwartz|July 21st, 2017|86681|Advertising, Legal Department, Payroll, Customer Service, Research and Development, Public Relations, Asset Management, Human Resources, Finances, Customer Relations|et.malesuada@nec.net|Suspendisse.dui.Fusce@ipsum.net||7-(236)-123-5583|Tincidunt Nibh Inc.|21996707199|orci@gravida.net|518715537|http://confluence.intranet|YES
37|Chastity Little|May 1st, 2018|1545|Accounting, Finances, Customer Service, Sales and Marketing, Legal Department, Public Relations, Asset Management, Customer Relations, Advertising, Human Resources|eu.accumsan@mollisnec.edu|Phasellus.dapibus.quam@nonfeugiat.ca|Ms.|7-(884)-269-0237|Diam Dictum Sapien Corp.|91898181599|Integer@mienimcondimentum.org|179673686|http://confluence.intranet|YES
38|Cole Underwood|June 17th, 2019|340253|Customer Service, Sales and Marketing, Media Relations, Customer Relations, Finances, Human Resources, Legal Department, Accounting, Tech Support, Advertising|morbi.tristique@vulputate.com|tincidunt.pede.ac@leoCras.com|Dr.|7-(699)-426-5619|Nonummy Ipsum Non LLP|42280221399|placerat.orci@Praesenteudui.net|359328564|http://confluence.intranet|YES
39|Ishmael Burton|April 21st, 2019|38008|Public Relations, Asset Management, Payroll, Customer Service, Media Relations, Customer Relations, Advertising, Human Resources, Research and Development, Sales and Marketing|feugiat.Sed.nec@famesacturpis.ca|arcu@nonmagna.org|Ms.|7-(874)-149-5935|Dui Industries|53899147499|Aliquam.erat@temporest.com|484053244|http://confluence.intranet|YES
40|Constance Pace|September 8th, 2017|10001|Quality Assurance, Customer Relations, Customer Service, Advertising, Public Relations, Finances, Media Relations, Sales and Marketing, Legal Department, Accounting|pede.malesuada.vel@Donecluctus.com|vehicula.et@id.co.uk||7-(756)-967-2923|Arcu Aliquam Limited|46813455099|justo.nec.ante@sit.co.uk|003005097|http://confluence.intranet|YES
41|Kirestin Juarez|May 25th, 2018|02789|Finances, Media Relations, Research and Development, Asset Management, Legal Department, Advertising, Human Resources, Accounting, Sales and Marketing, Quality Assurance|quis@scelerisquedui.ca|dapibus@Crasinterdum.com|Dr.|7-(706)-967-0016|Eros Non Incorporated|27937460299|justo.nec.ante@faucibusorciluctus.ca|316863091|http://confluence.intranet|YES
42|Zephr Sexton|July 8th, 2019|21305|Human Resources, Accounting, Payroll, Advertising, Legal Department, Research and Development, Media Relations, Customer Service, Sales and Marketing, Finances|Morbi.sit.amet@eueros.ca|nec.euismod.in@ante.ca|Ms.|7-(726)-831-8073|Adipiscing Elit Ltd|94348686499|vitae@seddictum.co.uk|475658688|http://confluence.intranet|YES
43|Levi Greer|October 15th, 2017|N5H 5G7|Finances, Advertising, Public Relations, Quality Assurance, Asset Management, Legal Department, Media Relations, Sales and Marketing, Customer Service, Tech Support|semper.auctor@ut.org|commodo@ut.edu|Mr.|7-(782)-209-8069|Libero Proin Mi Institute|74435607899|vitae.dolor.Donec@nullaante.co.uk|519803324|http://confluence.intranet|YES
44|Ava Hood|April 14th, 2018|29576|Payroll, Accounting, Sales and Marketing, Quality Assurance, Legal Department, Public Relations, Asset Management, Media Relations, Customer Service, Customer Relations|mauris.aliquam.eu@etmagnaPraesent.com|quis.lectus@atlacusQuisque.net|Dr.|7-(513)-485-8670|Pellentesque Habitant Morbi Consulting|02994194199|consequat.dolor@estNunc.org|266506153|http://confluence.intranet|YES
45|Bert Richmond|July 23rd, 2018|7007|Human Resources, Research and Development, Sales and Marketing, Payroll, Tech Support, Quality Assurance, Finances, Advertising, Accounting, Public Relations|nunc.risus@Quisquenonummyipsum.ca|Curabitur.sed@Pellentesque.ca|Mr.|7-(877)-516-4942|Adipiscing Consulting|82410183899|non.massa.non@acmetusvitae.co.uk|216212100|http://confluence.intranet|YES
46|Olympia Noel|February 2nd, 2018|KJ0 2RU|Asset Management, Sales and Marketing, Finances, Media Relations, Accounting, Payroll, Human Resources, Quality Assurance, Customer Service, Customer Relations|Cras@acturpis.org|felis.Donec.tempor@sagittisfelis.org|Dr.|7-(343)-763-0549|In Aliquet Lobortis Incorporated|14982540699|turpis.non.enim@quamPellentesque.ca|202932711|http://confluence.intranet|YES
47|Porter George|May 15th, 2019|73856|Asset Management, Research and Development, Legal Department, Accounting, Media Relations, Human Resources, Finances, Tech Support, Payroll, Advertising|sed.libero@vitae.ca|mi.enim.condimentum@nibhQuisquenonummy.com||7-(287)-521-9659|Phasellus Libero Mauris Industries|25286044299|dolor@semper.ca|426931887|http://confluence.intranet|YES
48|Lenore Prince|September 30th, 2018|1821|Research and Development, Sales and Marketing, Customer Service, Tech Support, Accounting, Legal Department, Media Relations, Quality Assurance, Advertising, Asset Management|sem.magna.nec@eunibhvulputate.net|mauris.eu@lacinia.net|Mrs.|7-(229)-954-5222|Morbi Vehicula Pellentesque LLC|66748274299|felis.ullamcorper@condimentumDonec.co.uk|779744531|http://confluence.intranet|YES
49|Jaime Sexton|April 29th, 2018|10-327|Human Resources, Advertising, Customer Service, Quality Assurance, Accounting, Research and Development, Tech Support, Public Relations, Media Relations, Customer Relations|enim.nisl@sedpede.edu|convallis@ullamcorpereu.org|Mrs.|7-(492)-219-4391|Donec Nibh Inc.|69666988899|auctor.velit@fringilla.edu|030250641|http://confluence.intranet|YES
50|Lillith Phillips|September 9th, 2017|5877|Research and Development, Human Resources, Accounting, Quality Assurance, Tech Support, Sales and Marketing, Payroll, Advertising, Customer Service, Media Relations|arcu.Vestibulum.ante@in.org|ornare@sodalespurusin.net|Dr.|7-(808)-209-7279|Lacus Ltd|97547802499|ligula@felisDonectempor.edu|087084703|http://confluence.intranet|YES
51|Wynne Chan|July 20th, 2018|71608|Advertising, Legal Department, Accounting, Customer Relations, Media Relations, Research and Development, Customer Service, Finances, Human Resources, Tech Support|Donec.sollicitudin@acarcu.net|penatibus.et@Morbi.edu|Mrs.|7-(194)-433-5148|Sit Corporation|37801871799|ac.feugiat@disparturient.org|259602787|http://confluence.intranet|YES
52|Amber Harrison|May 8th, 2019|6368|Finances, Public Relations, Quality Assurance, Accounting, Customer Service, Media Relations, Customer Relations, Research and Development, Asset Management, Advertising|ultricies.adipiscing@nasceturridiculus.com|lacinia@massaQuisqueporttitor.net||7-(573)-755-0493|Eget Ipsum Donec LLP|73653209599|Nullam.nisl@sodalesnisimagna.ca|323115220|http://confluence.intranet|YES
53|Paki Bryant|February 8th, 2018|773323|Finances, Accounting, Customer Relations, Public Relations, Quality Assurance, Advertising, Sales and Marketing, Asset Management, Customer Service, Media Relations|amet.ante@fringilla.net|Praesent.interdum@Donec.com|Dr.|7-(702)-199-6453|Ornare Sagittis Limited|92990123899|semper.et@metusAenean.edu|221585276|http://confluence.intranet|YES
54|Raven Petersen|September 16th, 2017|16585|Media Relations, Public Relations, Quality Assurance, Research and Development, Asset Management, Human Resources, Legal Department, Finances, Payroll, Customer Relations|ante@vestibulum.edu|pede.malesuada.vel@dictumplacerataugue.com|Ms.|7-(711)-525-9705|Scelerisque Scelerisque Limited|15386574699|nisi.Aenean.eget@nec.ca|484069794|http://confluence.intranet|YES
55|Zelda Stephens|April 30th, 2019|P1G 1Y3|Research and Development, Legal Department, Asset Management, Accounting, Advertising, Human Resources, Public Relations, Customer Service, Media Relations, Customer Relations|enim.Etiam@dolorvitaedolor.net|vitae.orci.Phasellus@Inornare.net|Mr.|7-(929)-626-2663|Morbi Tristique Corporation|81217268899|scelerisque.lorem.ipsum@infaucibus.co.uk|472962125|http://confluence.intranet|YES
56|Neville Payne|December 15th, 2018|907194|Accounting, Tech Support, Public Relations, Sales and Marketing, Customer Relations, Advertising, Legal Department, Research and Development, Payroll, Human Resources|dui@pellentesquetellus.org|sem.vitae@nibhenimgravida.ca|Dr.|7-(922)-159-2288|Amet Faucibus Ut Incorporated|69363479799|diam@faucibusidlibero.org|440232817|http://confluence.intranet|YES
57|Amela David|November 10th, 2018|HK3 5RS|Customer Service, Asset Management, Sales and Marketing, Payroll, Human Resources, Finances, Research and Development, Advertising, Tech Support, Quality Assurance|massa@ac.edu|neque@Pellentesqueutipsum.com|Mr.|7-(207)-122-0423|Aliquet Odio Industries|23726103899|in.faucibus@natoquepenatibuset.org|162043343|http://confluence.intranet|YES
58|Charlotte Pate|June 21st, 2019|97242|Accounting, Payroll, Public Relations, Tech Support, Asset Management, Media Relations, Human Resources, Advertising, Research and Development, Legal Department|rutrum@neque.com|sodales.elit.erat@quispede.edu|Mr.|7-(578)-570-1589|Nonummy Institute|51863289399|a.nunc.In@lorem.com|965818842|http://confluence.intranet|YES
59|Wyatt Jordan|December 6th, 2017|67095|Customer Service, Accounting, Asset Management, Public Relations, Advertising, Payroll, Tech Support, Quality Assurance, Legal Department, Media Relations|libero.Proin@odioAliquam.co.uk|Donec.sollicitudin@felisDonec.co.uk||7-(360)-765-3664|Ante Bibendum Company|13820818999|natoque@non.edu|181002411|http://confluence.intranet|YES
60|Cade Michael|January 10th, 2019|Y2S 4X3|Quality Assurance, Media Relations, Human Resources, Tech Support, Public Relations, Asset Management, Payroll, Customer Service, Finances, Legal Department|at.pede@sit.net|tincidunt.tempus@Nunclectus.edu||7-(725)-872-7035|Magna Industries|47575396999|eu.odio@parturientmontes.ca|023289994|http://confluence.intranet|YES
61|Adria Clarke|July 15th, 2018|09968|Legal Department, Sales and Marketing, Advertising, Human Resources, Public Relations, Research and Development, Accounting, Media Relations, Quality Assurance, Payroll|penatibus@lectusconvallisest.co.uk|eu@Nullamfeugiat.edu|Dr.|7-(812)-448-3604|In Consectetuer Foundation|09637428399|cursus.diam@Vestibulumaccumsanneque.co.uk|194519559|http://confluence.intranet|YES
62|Cullen Phillips|September 11th, 2017|50-881|Tech Support, Customer Relations, Media Relations, Research and Development, Finances, Sales and Marketing, Asset Management, Quality Assurance, Legal Department, Public Relations|ante.dictum@fringillaornareplacerat.org|enim@dapibusligula.com|Ms.|7-(313)-394-1682|Ac Orci Incorporated|88873569099|libero@egestas.org|742047244|http://confluence.intranet|YES
63|Brittany Craft|October 18th, 2018|44696|Sales and Marketing, Human Resources, Customer Relations, Payroll, Tech Support, Finances, Quality Assurance, Accounting, Asset Management, Media Relations|elit.pretium.et@elementumloremut.com|neque@anteNunc.edu||7-(508)-302-4396|Pellentesque Tincidunt Tempus LLC|39395575199|Mauris.quis.turpis@acipsumPhasellus.com|069686103|http://confluence.intranet|YES
64|Tashya Norman|October 8th, 2018|36140|Tech Support, Advertising, Quality Assurance, Sales and Marketing, Customer Service, Research and Development, Legal Department, Finances, Public Relations, Media Relations|nec.orci.Donec@eget.edu|montes.nascetur@sociis.co.uk|Dr.|7-(548)-741-6728|Nec Associates|18915080899|Aliquam@egestasAliquam.net|196101059|http://confluence.intranet|YES
65|Gabriel Jacobson|December 28th, 2018|86789|Research and Development, Finances, Customer Relations, Human Resources, Quality Assurance, Accounting, Legal Department, Customer Service, Tech Support, Media Relations|leo.Cras.vehicula@tempusloremfringilla.co.uk|nisl@elementumpurusaccumsan.com|Ms.|7-(219)-273-4046|Erat LLC|35381554899|nunc.sed@erat.org|729530378|http://confluence.intranet|YES
66|Ima Levine|August 29th, 2018|38107|Media Relations, Quality Assurance, Research and Development, Finances, Human Resources, Sales and Marketing, Public Relations, Customer Service, Advertising, Legal Department|Aliquam.nec.enim@luctusetultrices.co.uk|blandit.enim@velit.com|Ms.|7-(160)-749-3020|Eget Metus In Associates|40587167899|lorem@augueac.com|900350281|http://confluence.intranet|YES
67|Lacota Franklin|June 7th, 2019|2247 HF|Customer Relations, Tech Support, Research and Development, Quality Assurance, Customer Service, Media Relations, Finances, Accounting, Legal Department, Asset Management|Vivamus@felisorciadipiscing.edu|Pellentesque@purusNullam.edu|Mr.|7-(761)-131-7715|Sit Amet Massa Institute|03906336699|Cras@per.net|040335184|http://confluence.intranet|YES
68|Eve Carrillo|July 18th, 2017|94282|Customer Relations, Legal Department, Human Resources, Asset Management, Quality Assurance, Payroll, Sales and Marketing, Research and Development, Finances, Customer Service|justo@disparturientmontes.edu|amet.ante.Vivamus@diamvel.co.uk|Ms.|7-(218)-700-8069|Elit Aliquam Auctor LLP|27809515099|dolor@Phasellus.com|880188784|http://confluence.intranet|YES
69|Zane Kramer|November 6th, 2017|1179|Tech Support, Legal Department, Sales and Marketing, Advertising, Research and Development, Asset Management, Accounting, Payroll, Customer Relations, Customer Service|non@posuere.edu|erat.in@id.co.uk|Ms.|7-(928)-718-9563|Auctor Nunc Nulla Inc.|37359586399|non.quam.Pellentesque@Aliquamgravidamauris.org|155996978|http://confluence.intranet|YES
70|Bruno Sullivan|January 24th, 2018|89616|Public Relations, Quality Assurance, Research and Development, Payroll, Asset Management, Media Relations, Human Resources, Legal Department, Sales and Marketing, Customer Service|cursus.et@pede.org|tincidunt@quistristiqueac.com|Mr.|7-(695)-179-8397|Tristique Consulting|44968311799|tristique.aliquet.Phasellus@odio.org|547481713|http://confluence.intranet|YES
71|Carolyn Christian|July 26th, 2017|E7J 5C7|Accounting, Payroll, Sales and Marketing, Human Resources, Tech Support, Customer Service, Customer Relations, Legal Department, Media Relations, Public Relations|egestas.ligula@augueacipsum.com|pulvinar.arcu@sitametconsectetuer.com|Mr.|7-(445)-425-1448|Maecenas Iaculis Company|94874601299|Nam@etmagnisdis.org|525423489|http://confluence.intranet|NO
72|Rachel May|July 20th, 2017|0249|Sales and Marketing, Payroll, Advertising, Human Resources, Accounting, Finances, Quality Assurance, Public Relations, Legal Department, Asset Management|Donec@Namnulla.org|sagittis.Nullam.vitae@Pellentesque.co.uk|Mr.|7-(392)-535-6085|Malesuada Augue Ut Institute|38465337199|orci.sem@eu.edu|635175854|http://confluence.intranet|NO
73|Cameron Beard|December 20th, 2017|433173|Quality Assurance, Finances, Payroll, Research and Development, Tech Support, Advertising, Sales and Marketing, Legal Department, Asset Management, Human Resources|dolor.Donec.fringilla@Duisa.org|ornare@elitfermentum.edu|Mrs.|7-(188)-272-3186|Feugiat Sed Institute|38565761599|tempor@lacusvestibulumlorem.net|078343746|http://confluence.intranet|NO
74|Ainsley Puckett|February 25th, 2018|94158|Payroll, Advertising, Customer Service, Accounting, Tech Support, Finances, Media Relations, Public Relations, Asset Management, Human Resources|erat.nonummy@per.edu|dictum.magna.Ut@et.org|Dr.|7-(166)-874-6091|Tempus Associates|50281596199|libero.mauris@Mauris.com|259752632|http://confluence.intranet|NO
75|Sylvester Buck|May 7th, 2018|326486|Human Resources, Customer Service, Tech Support, Quality Assurance, Asset Management, Customer Relations, Research and Development, Accounting, Media Relations, Advertising|sem.vitae.aliquam@Praesent.edu|elit@amalesuada.co.uk||7-(276)-668-7796|Nullam Corp.|56755942299|Nulla@velitAliquamnisl.com|930915087|http://confluence.intranet|NO
76|Ferdinand Bishop|July 29th, 2018|392859|Sales and Marketing, Research and Development, Legal Department, Payroll, Advertising, Human Resources, Tech Support, Customer Relations, Customer Service, Media Relations|in@cursus.edu|consectetuer@magnaa.org|Dr.|7-(795)-878-0311|Rhoncus Proin Nisl Incorporated|73964933099|mauris.sapien@orcilobortis.com|420960569|http://confluence.intranet|NO
77|Aubrey Gibson|February 4th, 2018|4272|Tech Support, Public Relations, Accounting, Human Resources, Asset Management, Customer Relations, Customer Service, Legal Department, Sales and Marketing, Payroll|natoque.penatibus.et@Nullam.co.uk|vitae.diam.Proin@Donecat.org|Mr.|7-(350)-755-6305|Elit Pede Limited|34857739499|nibh@nonquamPellentesque.org|960578706|http://confluence.intranet|NO
78|Reese Clemons|October 2nd, 2018|84065|Legal Department, Tech Support, Advertising, Public Relations, Customer Relations, Asset Management, Finances, Payroll, Media Relations, Accounting|Morbi.non.sapien@molestiepharetra.ca|volutpat.Nulla.facilisis@nequesed.edu|Mr.|7-(204)-745-2987|Montes Nascetur Ridiculus Foundation|48960954499|et.pede@tortor.ca|399246560|http://confluence.intranet|NO
79|Calista Cherry|December 30th, 2018|7381 AA|Media Relations, Public Relations, Quality Assurance, Tech Support, Legal Department, Payroll, Research and Development, Advertising, Customer Service, Finances|nec@Nunc.edu|metus.sit@Ut.co.uk|Ms.|7-(691)-314-0475|Feugiat Metus LLC|89630260499|nibh.enim.gravida@Aliquamnisl.org|493934483|http://confluence.intranet|NO
80|Boris Townsend|May 21st, 2018|292153|Public Relations, Research and Development, Customer Service, Media Relations, Asset Management, Customer Relations, Human Resources, Quality Assurance, Payroll, Finances|dui.augue.eu@arcuSed.edu|elit@atlibero.org|Dr.|7-(528)-525-4199|Magna Sed LLP|91222741599|ac@magnaCras.co.uk|408616084|http://confluence.intranet|NO
81|Risa Huber|October 28th, 2017|I5K 0AT|Quality Assurance, Public Relations, Finances, Tech Support, Research and Development, Payroll, Human Resources, Legal Department, Sales and Marketing, Asset Management|Mauris.vestibulum.neque@facilisisSuspendisse.ca|mattis@odiotristique.net|Dr.|7-(362)-856-1403|Lectus Cum Sociis Corp.|10218876099|ligula.Aliquam.erat@adipiscinglacusUt.com|467793253|http://confluence.intranet|NO
82|Evan Solis|February 9th, 2019|361898|Finances, Customer Relations, Media Relations, Quality Assurance, Accounting, Sales and Marketing, Advertising, Asset Management, Customer Service, Human Resources|sit@dignissimmagnaa.ca|eu.erat.semper@turpisAliquamadipiscing.org|Dr.|7-(931)-555-6287|Nec Associates|86269124399|ultricies@elitpellentesque.edu|117615393|http://confluence.intranet|NO
83|Tatum Fry|November 28th, 2017|4350|Media Relations, Asset Management, Sales and Marketing, Finances, Quality Assurance, Public Relations, Customer Relations, Legal Department, Accounting, Customer Service|nibh@id.net|adipiscing.ligula.Aenean@rhoncusDonecest.org|Dr.|7-(192)-614-5021|Magnis Dis Industries|01999571799|inceptos.hymenaeos.Mauris@acmetusvitae.net|660987538|http://confluence.intranet|NO
84|Moana Dickson|March 4th, 2018|63318|Media Relations, Public Relations, Quality Assurance, Payroll, Asset Management, Legal Department, Finances, Research and Development, Customer Service, Human Resources|laoreet.ipsum.Curabitur@a.net|quam.elementum.at@Sedauctorodio.com|Mrs.|7-(219)-290-1910|A Purus LLC|45586138399|est.mauris@est.edu|969329028|http://confluence.intranet|NO
85|Mufutau Frazier|May 28th, 2019|5018|Public Relations, Finances, Advertising, Accounting, Sales and Marketing, Research and Development, Customer Service, Tech Support, Payroll, Asset Management|velit.Sed@ametdapibus.com|ac@Nuncmauris.org|Mr.|7-(466)-398-5218|Integer Mollis Incorporated|62850723199|mauris.id@pede.co.uk|729274233|http://confluence.intranet|NO
86|Colby Riley|March 18th, 2019|8146|Customer Service, Quality Assurance, Human Resources, Sales and Marketing, Public Relations, Research and Development, Customer Relations, Asset Management, Finances, Accounting|Mauris.magna@diamluctuslobortis.ca|erat.vel@eros.co.uk|Mr.|7-(492)-407-3483|Cursus Nunc Corporation|63786583199|lobortis.nisi@risusvarius.com|314584848|http://confluence.intranet|NO
87|Hayley Case|January 30th, 2018|2821|Asset Management, Research and Development, Customer Relations, Tech Support, Media Relations, Advertising, Customer Service, Human Resources, Public Relations, Finances|lacus.varius@nonenimMauris.ca|purus.in.molestie@urnajustofaucibus.com|Dr.|7-(429)-200-6799|Vel PC|04219650899|nonummy@ipsum.edu|783282437|http://confluence.intranet|NO
88|Paul Mccarthy|February 19th, 2018|41409|Public Relations, Customer Relations, Customer Service, Sales and Marketing, Finances, Quality Assurance, Payroll, Research and Development, Human Resources, Legal Department|Nullam.velit.dui@orcilacus.net|Nullam.suscipit.est@ullamcorper.com|Dr.|7-(652)-895-9685|Id Inc.|48691964199|mollis.Integer.tincidunt@Phasellusataugue.ca|969132216|http://confluence.intranet|NO
89|Yeo Lowe|July 9th, 2018|A8M 2V2|Quality Assurance, Finances, Tech Support, Accounting, Research and Development, Advertising, Sales and Marketing, Legal Department, Media Relations, Customer Relations|fringilla.Donec@porttitorscelerisque.org|imperdiet@Nunc.net||7-(152)-117-1912|Tempus Company|71296385799|ante@risusquisdiam.org|841349970|http://confluence.intranet|NO
90|Ainsley Lara|May 5th, 2018|33757|Advertising, Public Relations, Research and Development, Asset Management, Accounting, Sales and Marketing, Customer Service, Human Resources, Finances, Media Relations|Phasellus.in.felis@Loremipsumdolor.co.uk|adipiscing.elit@Suspendissenon.net|Mr.|7-(649)-659-3710|Orci Ut Company|22987018699|Nulla.facilisis@molestieSedid.net|466374782|http://confluence.intranet|NO
91|Lana Willis|January 28th, 2019|15359|Customer Service, Advertising, Asset Management, Legal Department, Quality Assurance, Customer Relations, Human Resources, Accounting, Payroll, Research and Development|Duis@pharetranibh.org|Sed.diam@egestas.org|Dr.|7-(467)-893-8732|Consequat Corp.|12777879899|mauris.rhoncus.id@arcuVestibulum.co.uk|507766327|http://confluence.intranet|NO
92|Nayda Larsen|December 24th, 2018|29548|Asset Management, Research and Development, Sales and Marketing, Customer Service, Advertising, Payroll, Public Relations, Finances, Media Relations, Human Resources|a@turpisvitae.org|in@mauriseu.net||7-(496)-303-4629|Non Hendrerit Id PC|32424072199|Maecenas.mi.felis@nibhdolornonummy.edu|196943328|http://confluence.intranet|NO
93|Sloane Johnson|February 28th, 2018|45-473|Customer Relations, Tech Support, Finances, Accounting, Customer Service, Media Relations, Payroll, Advertising, Human Resources, Sales and Marketing|non.quam.Pellentesque@ac.co.uk|nec.urna@ipsumportaelit.net|Ms.|7-(302)-936-5585|Nisi Mauris Associates|05852838899|sem@luctusipsumleo.net|655534139|http://confluence.intranet|NO
94|Deirdre Daniels|August 22nd, 2017|86174|Advertising, Finances, Public Relations, Accounting, Asset Management, Quality Assurance, Tech Support, Customer Relations, Payroll, Human Resources|Integer.urna.Vivamus@penatibuset.ca|nonummy@fringilla.ca||7-(722)-551-4150|Metus Vivamus Euismod Industries|92272547499|felis.eget@duiquis.org|948531314|http://confluence.intranet|NO
95|Octavius Williamson|December 7th, 2017|71-962|Tech Support, Customer Service, Media Relations, Payroll, Customer Relations, Accounting, Legal Department, Advertising, Sales and Marketing, Public Relations|sed.pede@atnisi.com|Donec@egestaslacinia.org|Mrs.|7-(803)-559-1081|Curabitur Company|72555813799|dui.quis@orciPhasellus.edu|426199691|http://confluence.intranet|NO
96|Noel Koch|December 22nd, 2018|X1J 3N5|Asset Management, Tech Support, Advertising, Research and Development, Customer Relations, Customer Service, Human Resources, Finances, Public Relations, Media Relations|quam.a@placerateget.com|Morbi.sit.amet@Aenean.org|Dr.|7-(300)-253-2518|Parturient Corporation|39747194799|eget.odio.Aliquam@condimentumDonecat.ca|656949286|http://confluence.intranet|NO
97|Galena Barry|January 19th, 2019|6242|Accounting, Human Resources, Public Relations, Research and Development, Tech Support, Legal Department, Sales and Marketing, Customer Service, Quality Assurance, Media Relations|Mauris@eget.com|orci@semconsequat.co.uk|Ms.|7-(389)-143-4882|Ut Incorporated|37788742399|Duis@imperdiet.com|851846824|http://confluence.intranet|NO
98|Sara Woodard|October 12th, 2018|A68 4OP|Customer Relations, Asset Management, Customer Service, Finances, Tech Support, Advertising, Human Resources, Legal Department, Accounting, Research and Development|amet.massa@orcitincidunt.ca|at@acmattis.co.uk|Mrs.|7-(437)-244-8757|Ut Dolor LLC|92632048199|amet@Nullatincidunt.co.uk|479551194|http://confluence.intranet|NO
99|Lydia Booker|December 23rd, 2018|3923|Legal Department, Accounting, Sales and Marketing, Quality Assurance, Customer Relations, Advertising, Research and Development, Customer Service, Tech Support, Payroll|malesuada.id.erat@nibhsit.edu|Mauris.ut@felisadipiscing.co.uk|Mr.|7-(327)-733-0057|Curabitur Sed Tortor Corp.|57440556699|Quisque@Proinegetodio.org|990273443|http://confluence.intranet|NO
100|Nicholas Norman|April 22nd, 2018|44744|Asset Management, Quality Assurance, Human Resources, Research and Development, Legal Department, Finances, Customer Relations, Payroll, Tech Support, Media Relations|massa@quis.org|Morbi.vehicula@nequesedsem.ca|Mr.|7-(464)-531-9832|Est Vitae Sodales PC|26583287699|libero.dui@ornare.org|115580862|http://confluence.intranet|NO
